,Подадена руда  от МГТЛ  за денонощието ,Състояние  на склад №2,Натрошена  руда от  Цех ССТ ,Класа_15,Класа_12,Превозена руда  до междинни бункери,Преработена  руда  в цех МФЦ ,Влага на преработената руда,Суха преработена руда,Грано,Unnamed: 13,Unnamed: 15,Unnamed: 17,Unnamed: 19,Unnamed: 21,Unnamed: 23,Метал  мед в рудите по Куриер ,Метал мед в отпадъка по Куриер,Метал мед в концентрата по Куриер,Товарно  извличане ,Добит  меден  концентрат,Влага на медния концентрат,Съдържание  на мед в медния к-т,Метал мед  в медния концентрат ,Литрово  тегло  в сгъстителя,"Меден  концентра, автомобилна везна"
0,18490.0,5.0,14841.0,1.0,3.4,14296.0,14900.0,0.081,13693.1,0.823,11269.4213,1177.6065999999998,1246.0721,2738.6200000000003,7134.105100000001,5340.309,51.349125,3.286344,46.9278172,0.9327114971311602,242.0,0.093,0.2236,49.0788584,1.78,1005.28
1,18200.0,5.0,13394.0,1.3,3.8,13471.0,14960.0,0.074,13852.960000000001,0.819,11345.57424,1122.08976,1385.2960000000003,2687.4742400000005,7258.951040000001,5402.6544,48.48536000000001,3.7402992000000004,54.6902824,0.931962384071972,269.0,0.096,0.2248,54.665964800000005,1.84,1003.94
2,18212.0,7.0,15106.0,1.4,3.7,13885.0,15307.0,0.079,14097.747000000001,0.759,10700.189973,1423.8724470000002,1973.6845800000003,2763.158412,7500.0014040000015,5639.098800000001,51.03384414000001,3.1015043400000004,45.182205,0.9340783301232969,225.0,0.093,0.2318,47.304585,1.75,1002.36
3,18700.0,8.0,15786.0,0.8,4.4,14182.0,13858.0,0.079,12763.218,0.802,10236.100836000001,1403.95398,1123.163184,2693.038998,6407.1354360000005,4977.65502,46.07521698,2.80790796,49.794751600000005,0.9455330601409199,253.0,0.107,0.2313,52.2573777,1.75,983.72
4,19700.0,8.0,13589.0,1.2,3.6,12444.0,13871.0,0.082,12733.578000000001,0.818,10416.066804,1375.2264240000002,942.2847720000001,2648.584224,6672.394872000001,4966.095420000001,47.24157438000001,2.6740513800000003,40.2621552,0.9355533295633915,202.0,0.107,0.2325,41.939745,1.72,917.78
5,18500.0,8.0,14513.0,2.2,3.7,13303.0,15302.0,0.083,14031.934000000001,0.794,11141.355596000001,1080.458918,1810.1194860000003,2806.3868,7268.541812,5472.45426,50.374643060000004,3.0870254800000003,44.3929908,0.9329459745532144,228.0,0.099,0.2261,46.4472708,1.75,1083.92
6,18700.0,8.0,13178.0,1.6,3.5,12816.0,15215.0,0.078,14028.230000000001,0.69,9679.4787,2511.05317,1837.6981300000002,2805.6460000000006,7477.046590000001,5611.292000000001,48.39739350000001,2.9459283000000003,42.674975100000005,0.9344327308409426,219.0,0.089,0.2263,45.148886700000006,1.75,758.46
7,18507.0,8.0,14761.0,1.5,3.7,14010.0,14869.0,0.08,13679.480000000001,0.733,10027.058840000002,1969.84512,1682.5760400000001,2612.7806800000003,7441.637120000001,5334.997200000001,45.27907880000001,3.1462804,36.523578,0.9180788694135794,182.0,0.094,0.2313,38.1395196,1.6,753.8
8,24338.0,9.0,16814.0,1.9,3.8,15821.0,15236.0,0.079,14032.356,0.836,11731.049615999998,1150.653192,1150.653192,2778.406488,7296.82512,5612.9424,49.95518736,3.508089,48.9776375,0.9302360094563078,253.0,0.089,0.2181,50.2683423,1.8,1018.6
9,23594.0,7.0,15186.0,1.5,3.7,14748.0,14679.0,0.089,13372.569000000001,0.65,8692.169850000002,2500.670403,2179.728747,2808.2394900000004,6953.735880000001,5349.027600000001,43.19339787,4.94785053,37.499357700000004,0.8754564112903483,189.0,0.101,0.2246,38.1620106,1.65,1010.98
10,24800.0,4.0,14661.0,1.0,4.3,14220.0,14471.0,0.084,13255.436,0.89,11797.33804,1179.733804,318.130464,2783.64156,6720.506052,5169.62004,44.67081932,4.6394025999999995,27.675172800000002,0.8473623355683233,144.0,0.109,0.2202,28.252540800000002,1.58,1012.98
11,20717.0,4.0,16045.0,2.0,5.6,14861.0,14860.0,0.075,13745.5,0.825,11340.037499999999,838.4755,1566.987,2859.064,7161.4055,5360.745,46.872155,4.810925,40.586112,0.8886264575002212,210.0,0.104,0.2195,41.30112,1.68,752.4
12,20240.0,4.0,13509.0,0.8,4.3,13298.0,14861.0,0.08,13672.12,0.7,9570.484,1257.8350400000002,2843.80096,2816.45672,7150.518760000001,5468.848000000001,47.168814000000005,4.3750784000000005,56.50675199999999,0.9234487261607613,288.0,0.095,0.2174,56.663136,1.74,505.1
13,17800.0,5.0,14093.0,1.9,3.6,14544.0,13517.0,0.082,12408.606,0.793,9840.024558000001,1377.355266,1191.226176,2680.258896,6167.077182,4839.35634,44.79506766,2.85397938,38.9180454,0.9255346652975287,191.0,0.094,0.2217,38.3642982,1.6,1005.68
14,16558.0,7.0,16077.0,3.8,4.6,15573.0,13508.0,0.079,12440.868,0.696,8658.844127999999,2152.270164,1629.7537080000002,2438.410128,6543.896568,4851.938520000001,44.91153348,2.6125822800000003,27.5044,0.9081636360846138,140.0,0.107,0.2239,27.991977999999996,1.65,1013.86
15,20775.0,7.0,20065.0,3.9,4.3,18904.0,13156.0,0.074,12182.456,0.687,8369.347272,1449.712264,2363.396464,2351.214008,6225.2350160000005,4872.9824,43.97866616,2.55831576,39.613217,0.9353222591146427,203.0,0.086,0.2132,39.5575544,1.65,1001.06
16,18800.0,3.0,17179.0,3.5,5.1,16090.0,13666.0,0.076,12627.384,0.848,10708.021632,934.4264159999999,984.935952,2601.2411039999997,6439.96584,4924.67976,47.60523768,2.5254768000000003,41.085184,0.9376138645673445,202.0,0.092,0.2219,40.7000104,1.65,779.88
17,19300.0,3.0,14399.0,0.9,3.3,14161.0,14383.0,0.079,13246.743,0.651,8623.629693,2636.101857,1987.01145,2609.6083710000003,7153.241220000001,5298.6972000000005,47.6882748,2.6493486,36.8742,0.930649991077031,185.0,0.094,0.2288,38.349168000000006,1.7,767.74
18,20450.0,2.0,16619.0,2.6,2.7,15351.0,15022.0,0.078,13850.284000000001,0.792,10969.424928000002,1717.435216,1163.4238560000001,3157.8647520000004,6911.291716000001,5540.113600000001,49.03000536000001,2.9085596400000004,42.4068688,0.931447765060991,212.0,0.092,0.2209,42.5223664,1.75,1005.88
19,20233.0,4.0,17035.0,3.7,4.5,16142.0,14806.0,0.081,13606.714,0.599,8150.421686,1374.2781140000002,4082.0141999999996,2979.870366,6626.469717999999,5442.685600000001,47.079230439999996,3.4016785,43.6006224,0.9218397526993894,219.0,0.088,0.2169,43.32100320000001,1.75,1017.68
20,19950.0,5.0,15331.0,3.7,5.5,15314.0,14631.0,0.083,13416.627,0.73,9794.13771,858.664128,2763.825162,2844.324924,6855.896397,5366.6508,47.49485958,3.35415675,44.192814000000006,0.9199933212937613,213.0,0.086,0.2145,41.759289,1.66,1263.18
21,17610.0,5.0,14840.0,3.3,5.7,14139.0,15025.0,0.076,13883.1,0.726,10079.1306,2374.0101000000004,1429.9593,2887.6848,6802.719,5414.409000000001,48.174357,3.1931130000000003,42.0096384,0.922020176622333,204.0,0.088,0.2181,40.5770688,1.8,998.72
22,20584.0,6.0,16053.0,2.5,4.2,15663.0,15131.0,0.083,13875.127,0.745,10336.969615,1276.511684,2261.6457010000004,2913.77667,7034.689389,5550.050800000001,48.84044704,3.1912792100000003,41.2285804,0.9246034664247058,196.0,0.089,0.2376,42.4249056,1.65,1011.22
23,22125.0,6.0,17319.0,2.4,4.3,16794.0,14426.0,0.076,13329.624,0.84,11196.88416,786.447816,1346.292024,2599.27668,7024.711848,5331.8496000000005,47.72005392,2.93251728,39.9018368,0.9304109717163044,196.0,0.096,0.2377,42.1166368,1.6,1001.54
24,23715.0,4.0,17153.0,2.4,5.3,17581.0,15271.0,0.083,14003.507000000001,0.74,10362.59518,2142.536571,1498.3752490000002,2786.6978930000005,7197.802598000001,5461.367730000001,48.732204360000004,3.2208066100000003,39.099705900000004,0.9226517792360406,201.0,0.099,0.23,41.65323,1.71,1011.16
25,19263.0,5.0,16977.0,3.1,4.2,16598.0,15382.0,0.078,14182.204000000002,0.823,11671.953892000001,1588.4068480000003,921.8432600000001,2793.894188,7615.843548000002,5531.059560000001,47.65220544000001,2.9782628400000006,48.957048,0.940149237729302,240.0,0.097,0.2318,50.235696000000004,1.7,1008.98
26,16600.0,0.0,7610.0,3.7,5.5,7091.0,13836.0,0.071,12853.644,0.757,9730.208508,2069.4366840000002,1053.998808,2686.411596,6606.773016,4884.38472,43.83092604,3.2134110000000002,40.7924112,0.9234607801498069,204.0,0.084,0.2214,41.3716896,1.7,502.48
27,16900.0,5.0,16142.0,6.2,3.9,14860.0,15184.0,0.079,13984.464,0.761,10642.177104,1118.75712,2223.529776,2377.35888,7747.393056000001,5593.7856,50.06438112,3.35627136,47.89206000000001,0.9293321700232289,235.0,0.082,0.2201,47.482173,1.7,1154.36
28,22809.0,5.0,16837.0,2.2,3.7,15734.0,15193.0,0.086,13886.402,0.815,11317.41763,1749.686652,819.2977179999999,2763.393998,7207.042638,5415.69678,49.01899906,3.4716005,44.0695318,0.9203413676052866,217.0,0.099,0.223,43.600291,1.63,1016.2
29,24745.0,7.0,17675.0,1.6,5.0,16072.0,15320.0,0.08,14094.400000000001,0.775,10923.160000000002,1282.5904,1888.6496000000004,2818.8800000000006,7117.6720000000005,5637.760000000001,49.89417600000001,3.5236000000000005,45.588614400000004,0.9249112942563136,224.0,0.082,0.2276,46.8018432,1.88,503.86
30,20640.0,7.0,14847.0,1.4,3.8,13736.0,15133.0,0.065,14149.355000000001,0.783,11078.944965,1641.3251800000003,1429.0848550000003,2928.916485,6933.183950000001,5659.742000000001,47.54183280000001,3.2543516500000003,40.7017272,0.9234428856396878,206.0,0.084,0.2207,41.6452072,1.75,1201.28
31,20616.0,6.0,17254.0,1.7,3.6,15679.0,15193.0,0.07,14129.49,0.67,9466.758300000001,2048.77605,2613.95565,2896.5454499999996,7319.07582,5651.796,51.1487538,3.8149623,48.1775294,0.9222488471083776,242.0,0.083,0.2171,48.1775294,1.68,497.96
32,25552.0,5.0,15989.0,1.8,5.1,14960.0,15242.0,0.074,14114.092,0.779,10994.877668000001,1100.8991760000001,2018.315156,2681.6774800000003,7536.925128000001,5645.6368,50.66959028,3.2462411600000003,51.1579368,0.9377452271910015,254.0,0.082,0.2239,52.2072108,1.7,1193.06
33,20695.0,6.0,15209.0,2.1,4.0,13763.0,14090.0,0.083,12920.53,0.691,8928.086229999999,1821.7947299999998,2170.6490400000002,2403.21858,7015.847790000001,5039.006700000001,44.9634444,3.2301325000000003,42.6714288,0.9254600626768471,214.0,0.087,0.222,43.374804000000005,1.68,500.9
34,20384.0,2.0,15032.0,1.5,5.1,13310.0,13063.0,0.067,12187.779,0.721,8787.388659,2230.363557,1170.0267840000001,2254.739115,6496.086207,4753.233810000001,41.68220418,3.53445591,35.028315000000006,0.9056387508204935,175.0,0.091,0.2271,36.125932500000005,1.65,1018.42
35,20105.0,3.0,15644.0,2.1,5.7,14943.0,15193.0,0.088,13856.016,0.709,9823.915344,2203.1065439999998,1828.994112,2854.3392959999996,7011.144096,5403.84624,49.74309744,3.464004,51.242828,0.9325959357949541,238.0,0.09,0.2405,52.08749,1.65,1213.72
36,12141.0,0.0,6542.0,1.7,4.7,6418.0,13985.0,0.078,12894.17,0.71,9154.8607,2166.22056,1573.08874,2488.57481,6717.86257,5157.668000000001,44.355944799999996,3.3524841999999997,43.0651208,0.9273143773713309,221.0,0.086,0.2275,45.953635,1.7,1012.78
37,18900.0,5.0,14585.0,2.3,4.9,14088.0,14511.0,0.071,13480.719000000001,0.777,10474.518663,1307.6297430000002,1698.570594,2682.663081,6969.531723000001,5392.287600000001,44.89079427,3.2353725600000005,37.654787500000005,0.9224311179990778,187.0,0.095,0.2431,41.141028500000004,1.65,1013.24
38,21100.0,6.0,15874.0,4.1,4.8,14848.0,14812.0,0.077,13671.476,0.802,10964.523752000001,1066.3751280000001,1066.3751280000001,3035.067672,6958.781284000001,5468.590400000001,47.57673648,3.28115424,44.7595008,0.9288044903088502,224.0,0.088,0.225,45.964800000000004,1.68,1020.72
39,23800.0,4.0,17236.0,2.2,6.5,15979.0,13830.0,0.079,12737.43,0.852,10852.29036,687.82122,1197.31842,2547.4860000000003,6457.87701,4967.5977,44.3262564,3.1843575,42.2878552,0.9262711525753266,214.0,0.086,0.2201,43.0506796,1.68,756.8
40,20380.0,6.0,14932.0,3.0,6.4,13939.0,13219.0,0.077,12201.137,0.72,8784.81864,1659.3546320000003,1756.963728,2830.6637840000003,6173.775322,4880.4548,40.01972936,3.78235247,38.754293600000004,0.8994151000691444,194.0,0.087,0.2056,36.4162832,1.7,499.6
41,19922.0,3.0,17659.0,2.0,4.9,15937.0,14614.0,0.076,13503.336000000001,0.636,8588.121696,1161.286896,3753.9274080000005,3213.793968,6616.63464,5401.334400000001,44.020875360000005,3.91596744,43.18434,0.9065967279443142,207.0,0.085,0.2158,40.873599,1.8,771.16
42,20653.0,5.0,14894.0,7.6,7.4,13099.0,14874.0,0.065,13907.19,0.798,11097.93762,1335.09024,1474.16214,2656.27329,7454.25384,5562.876,47.284446,3.6158694,49.0762077,0.9279895230705874,247.0,0.089,0.219,49.278723,1.65,1005.58
43,24863.0,3.0,17150.0,3.4,5.5,15034.0,15175.0,0.072,14082.400000000001,0.699,9843.597600000001,2070.1128,2168.6896,2591.1616000000004,7562.248800000001,5632.960000000001,47.457688000000005,3.5206000000000004,44.7223824,0.9232515688793652,223.0,0.088,0.2225,45.25116,1.68,1011.44
44,20953.0,3.0,16289.0,2.9,6.4,14620.0,14985.0,0.072,13906.08,0.758,10540.80864,1640.91744,1724.35392,2795.12208,7119.91296,5562.432000000001,47.5587936,3.6155807999999996,46.743865500000005,0.923579691216516,237.0,0.089,0.216,46.635912000000005,1.65,1001.14
45,20537.0,5.0,17943.0,3.3,5.2,16003.0,15153.0,0.073,14046.831,0.721,10127.765151,2837.459862,1081.605987,2711.038383,6995.321838,5618.732400000001,50.98999653,3.79264437,50.0556672,0.9255498092829576,252.0,0.088,0.219,50.331456,1.7,1004.4
46,21166.0,4.0,15014.0,1.5,4.0,13832.0,15313.0,0.073,14195.151,0.82,11640.023819999999,1007.8557209999999,1547.271459,2555.12718,7495.039728000001,5678.0604,48.40546491,5.5361088899999995,56.562513599999996,0.9023060545702078,277.0,0.088,0.2161,54.592046399999994,1.7,751.34
47,19100.0,4.0,14481.0,3.5,5.3,13782.0,15114.0,0.075,13980.45,0.837,11701.63665,1537.8495,740.96385,2810.07045,7381.677600000001,5452.3755,45.7160715,6.0115935,41.860819,0.8627162729533632,209.0,0.09,0.2142,40.738698,1.62,998.58
48,23200.0,4.0,16139.0,4.4,4.4,14575.0,14992.0,0.082,13762.656,0.828,11395.479168,1348.7402880000002,1018.436544,2697.4805760000004,7294.20768,5505.062400000001,44.59100544,5.78031552,37.960358400000004,0.8521672146547785,188.0,0.088,0.2119,36.3315264,1.55,1010.34
49,19600.0,4.0,16111.0,2.5,4.7,15146.0,15044.0,0.085,13765.26,0.745,10255.1187,2697.99096,812.1503399999999,2587.86888,7474.536180000001,5368.4514,43.6358742,4.4048832,38.1557526,0.89051747285463,193.0,0.086,0.2214,39.0554028,1.7,999.74
50,20281.0,5.0,17431.0,2.1,3.9,15968.0,15133.0,0.081,13907.227,0.76,10569.492520000002,2127.805731,1209.928749,2684.0948110000004,7259.572494000001,5562.890800000001,45.19848775,5.42381853,35.1009692,0.8553807255536403,179.0,0.098,0.2165,34.955657,1.65,1005.4
51,21549.0,3.0,12474.0,1.1,3.7,11915.0,13647.0,0.079,12568.887,0.823,10344.194001,1080.924282,1143.768717,2237.2618860000002,6246.736839,4901.865930000001,44.61954885000001,3.14222175,50.7350448,0.9381356213134936,249.0,0.092,0.226,51.09679200000001,1.73,1011.76
52,22116.0,3.0,12327.0,0.7,3.0,11579.0,13409.0,0.09,12202.19,0.74,9029.6206,2660.07742,512.49198,2184.19201,6467.1607,4758.8541000000005,43.195752600000006,3.2945913,49.49771320000001,0.9354421351398922,247.0,0.092,0.2312,51.8526112,1.69,1010.78
53,15746.0,0.0,11835.0,3.2,6.1,11148.0,13504.0,0.075,12491.2,0.8,9992.960000000001,1748.7680000000003,749.472,2098.5216,6820.195200000001,4996.4800000000005,41.720608000000006,2.997888,38.2982578,0.926742272649412,194.0,0.089,0.2301,40.6664934,1.58,751.82
54,20290.0,2.0,12803.0,0.9,4.4,12644.0,13873.0,0.084,12707.668,0.786,9988.227048,1156.397788,1563.043164,2338.210912,6760.479376,5083.0672,39.52084748,2.92276364,37.5961491,0.9258382861973021,193.0,0.091,0.2255,39.561043500000004,1.62,1015.3
55,20222.0,3.0,13919.0,2.1,5.0,13299.0,13862.0,0.08,12753.04,0.789,10062.148560000001,1900.20296,790.68848,2461.3367200000002,6504.050400000001,5101.216,39.789484800000004,3.6983816000000003,39.584880999999996,0.9082459755442106,199.0,0.095,0.2196,39.548862,1.68,1010.1
56,6946.0,1.0,8792.0,3.7,7.3,9119.0,13667.0,0.076,12628.308,0.839,10595.150412,947.1231,1086.034488,2412.006828,6238.3841520000005,5051.323200000001,41.42085024,4.4199078,40.3219548,0.8989668827041359,212.0,0.093,0.2198,42.2640232,1.7,1003.72
57,6810.0,0.0,10609.0,5.2,4.8,11023.0,13645.0,0.075,12621.625,0.79,9971.08375,1527.216625,1123.324625,2410.730375,6045.758374999999,5048.650000000001,41.903795,4.92243375,38.042037,0.8800053832318122,193.0,0.095,0.2225,38.8629625,1.7,1005.92
58,4140.0,0.0,9794.0,2.6,4.9,10564.0,14873.0,0.064,13921.127999999999,0.758,10552.215024,1879.35228,1489.5606959999998,2436.1973999999996,7419.961224,5429.23992,47.05341264,5.5684512,41.4887865,0.8753677255074327,215.0,0.097,0.214,41.54703,1.8,1288.2
59,4434.0,0.0,10912.0,2.8,4.7,11858.0,14929.0,0.075,13809.325,0.75,10356.993750000001,2126.63605,1325.6952,2679.00905,7236.086300000001,5385.636750000001,45.570772500000004,5.7999165,37.1488376,0.8544397880805004,188.0,0.101,0.2177,36.7939124,1.7,1010.5
60,4621.0,0.0,10903.0,4.6,5.8,11465.0,14812.0,0.074,13715.912,0.827,11343.059224,1618.477616,754.37516,2729.466488,7022.546944000001,5349.20568,44.85103224,5.07488744,42.100036,0.887807957639826,220.0,0.102,0.2183,43.127348,1.68,1016.78
61,6384.0,4.0,6173.0,4.0,5.0,6877.0,14921.0,0.065,13951.135,0.805,11230.663675000002,1423.01577,1297.455555,2622.81338,7352.2481450000005,5580.454000000001,44.364609300000005,3.6272950999999996,42.1318086,0.9182289621372711,217.0,0.094,0.2197,43.1934594,1.6,1018.94
62,5517.0,1.0,13974.0,4.3,5.3,14435.0,13483.0,0.073,12498.741,0.818,10223.970137999999,1274.871582,999.89928,2324.765826,6599.335248,4999.4964,40.62090825,3.4996474799999997,39.340712,0.915199732152159,202.0,0.095,0.2211,40.419291,1.6,1009.6
63,3949.0,2.0,11389.0,3.7,5.6,11606.0,12988.0,0.076,12000.912,0.771,9252.703152,1572.119472,1176.0893760000001,2292.174192,6240.4742400000005,4920.37392,41.4031464,3.6002736,37.53675,0.911571119068348,201.0,0.1,0.2203,39.85227,1.66,746.9
64,7440.0,2.0,10819.0,2.5,4.9,11005.0,13808.0,0.074,12786.208,0.734,9385.076672000001,2237.5864,1163.544928,2749.03472,6354.745376,5242.34528,43.98455552,3.32441408,44.845528,0.9293413488758138,229.0,0.09,0.2242,46.72103800000001,1.7,755.38
65,3640.0,2.0,9525.0,2.0,4.7,9888.0,14808.0,0.082,13593.744,0.806,10956.557664000002,1875.9366720000003,761.249664,2474.061408,7150.309344,5437.497600000001,45.13123008,3.26249856,38.5795384,0.9178554987165563,194.0,0.084,0.2222,39.4858288,1.65,756.38
66,4175.0,2.0,11413.0,1.7,4.5,11922.0,14729.0,0.087,13447.577000000001,0.718,9655.360286000001,2702.9629770000006,1089.2537370000002,2286.08809,7355.824619000001,5379.0308,44.242528330000006,3.2274184800000003,42.0707088,0.9237274345398894,216.0,0.089,0.216,42.503616,1.62,1014.5
67,4338.0,2.0,13306.0,4.1,7.1,14157.0,14909.0,0.077,13761.007000000001,0.814,11201.459698,1513.7107700000001,1045.836532,2380.654211,7458.465794000002,5504.402800000001,45.96176338000001,3.3026416800000002,44.1304798,0.9286834600846594,227.0,0.089,0.2233,46.1777701,1.6,1019.26
68,4801.0,0.0,13030.0,2.8,4.3,13776.0,15079.0,0.081,13857.601,0.808,11196.941608000001,1704.484923,956.1744690000002,2438.9377759999998,7122.806914000001,5543.040400000001,46.42296335,3.6029762599999997,44.2340064,0.9229404369180485,229.0,0.088,0.223,46.573104,1.6,504.04
69,3861.0,2.0,15348.0,1.8,4.4,16012.0,13390.0,0.08,12318.800000000001,0.879,10828.2252,763.7656000000001,726.8092,2205.0652,6504.326400000001,4927.52,39.66653600000001,3.202888,38.552976,0.9220892925666075,198.0,0.088,0.2264,40.882406399999994,1.6,509.38
70,6390.0,1.0,11469.0,2.3,4.9,11582.0,15059.0,0.088,13733.808,0.82,11261.72256,878.9637120000001,1593.121728,2609.4235200000003,7100.378736000001,5493.5232000000005,42.43746672,3.4334520000000004,39.52136,0.9150389730507921,200.0,0.086,0.2207,40.34396,1.6,516.14
71,6583.0,1.0,7121.0,2.9,5.4,7291.0,14843.0,0.085,13581.345000000001,0.806,10946.564070000002,1249.4837400000001,1385.29719,2322.4099950000004,7374.670335000001,5296.724550000001,46.31238645,3.39533625,46.530848000000006,0.9290372483648925,232.0,0.09,0.2281,48.156472,1.6,1008.56
72,4245.0,1.0,17270.0,2.0,4.2,17756.0,14963.0,0.07,13915.589999999998,0.772,10742.83548,1795.1111099999998,1377.64341,2476.9750199999994,7486.58742,5566.236,47.59131779999999,3.896365199999999,41.425139200000004,0.9150205427318849,212.0,0.092,0.2326,44.7745696,1.64,1012.64
73,6135.0,2.0,10145.0,1.7,4.7,11524.0,15005.0,0.083,13759.585000000001,0.847,11654.368495,1444.756425,660.4600800000001,2614.32115,7251.301295000001,5366.23815,48.84652675000001,4.1278755,22.47882,0.8383357272425783,115.0,0.105,0.2286,23.528655,1.7,1003.36
74,4900.0,1.0,10739.0,1.4,3.5,11491.0,14740.0,0.087,13457.62,0.788,10604.604560000002,1547.6263000000001,1305.3891400000002,2355.0835,7307.487660000001,5383.048000000001,47.639974800000005,4.9793194000000005,66.11913,0.9308182534618444,329.0,0.1,0.2441,72.27801000000001,1.8,1004.0
75,4800.0,2.0,10738.0,1.6,4.4,11248.0,14866.0,0.085,13602.390000000001,0.714,9712.10646,1958.74416,1931.53938,2407.62303,7345.290600000001,5440.956000000001,47.200293300000006,4.352764800000001,39.728088,0.898687219560733,190.0,0.096,0.2449,42.064023999999996,1.65,1000.98
76,7352.0,0.0,10615.0,1.9,4.1,11158.0,15067.0,0.078,13891.774000000001,0.741,10293.804534,1611.4457840000002,1986.523682,2695.0041560000004,7307.073124000001,5417.79186,43.203417140000006,4.30644994,35.34863360000001,0.8896614151239314,179.0,0.104,0.2343,37.57797120000001,1.66,1002.7
77,6747.0,0.0,10526.0,2.9,4.3,10878.0,13970.0,0.083,12810.49,0.748,9582.24652,2779.87633,448.36715000000004,2433.9931,6815.18068,5124.196,42.915141500000004,4.3555666,38.83536,0.898375866132939,192.0,0.095,0.2406,41.806656,1.73,1029.0
78,4305.0,0.0,9260.0,3.6,5.0,9619.0,13642.0,0.082,12523.356,0.768,9617.937408,1552.896144,1352.522448,2454.577776,6512.14512,4884.10884,44.833614479999994,3.7570067999999996,45.10296,0.9201402946863608,225.0,0.088,0.2277,46.72404000000001,1.8,1007.0
79,5268.0,0.0,12475.0,2.7,3.9,13303.0,13608.0,0.078,12546.576000000001,0.787,9874.155312,1367.576784,1304.843904,2396.396016,6586.952400000001,5018.630400000001,44.91674208,3.3875755200000004,40.6715688,0.9238654355769795,206.0,0.091,0.2361,44.21066940000001,1.65,1007.26
80,12832.0,3.0,12203.0,3.2,5.9,12063.0,15087.0,0.081,13864.953000000001,0.781,10828.528293000001,1941.0934200000004,1095.3312870000002,2662.0709760000004,7237.5054660000005,5545.981200000001,46.586242080000005,3.4662382500000004,41.164446,0.9184928895147352,204.0,0.089,0.2273,42.2423412,1.8,1019.2
81,3971.0,2.0,10009.0,4.5,5.0,10260.0,15051.0,0.084,13786.716,0.713,9829.928507999999,2564.329176,1392.4583160000002,2605.689324,7210.452468,5514.6864000000005,45.082561319999996,3.58454616,33.905235,0.8979099353974008,177.0,0.09,0.2132,34.340123999999996,1.62,901.64
82,5273.0,4.0,9501.0,5.0,4.2,9944.0,14599.0,0.076,13489.476,0.65,8768.1594,2994.663672,1726.6529280000002,2616.958344,7028.016996,5260.895640000001,45.189744600000004,3.7770532799999996,40.969016,0.905510650066164,209.0,0.084,0.2033,38.920565200000006,1.6,1279.4
83,4218.0,0.0,10780.0,6.1,6.4,11882.0,14359.0,0.079,13224.639000000001,0.749,9905.254611,2049.819045,1269.565344,2552.355327,6334.602081,5157.6092100000005,44.9637726,3.70289892,43.757532,0.9150982127011759,222.0,0.09,0.2128,42.989856,1.6,1015.38
84,4596.0,0.0,10522.0,4.1,4.4,11757.0,14639.0,0.081,13453.241,0.695,9350.002494999999,3026.979225,1076.25928,2529.209308,7089.858007000001,5246.76399,46.27914904,3.63237507,42.764746,0.9185706701164683,212.0,0.081,0.2272,44.2649216,1.64,1015.34
85,3940.0,1.0,11366.0,4.0,5.0,12190.0,13841.0,0.079,12747.561,0.764,9739.136604,1249.260978,1759.163418,2498.521956,6144.324401999999,5099.0244,42.70432935,3.3143658599999997,34.294932,0.9110082988536613,184.0,0.085,0.2176,36.635136,1.64,1000.8
86,2928.0,0.0,13975.0,3.3,5.2,14586.0,14307.0,0.067,13348.431,0.67,8943.44877,1748.644461,2656.337769,2469.459735,6887.790396,5339.3724,43.11543213,3.47059206,37.6973816,0.9117074719615355,194.0,0.086,0.2151,38.140671600000005,1.63,1265.8
87,4987.0,2.0,10358.0,2.5,6.3,10562.0,14673.0,0.057,13836.639,0.764,10571.192196,1854.109626,1411.3371779999998,2656.634688,6890.646221999999,5534.6556,46.90620620999999,3.7358925299999997,42.8198085,0.9163837411073839,215.0,0.091,0.2201,43.0152435,1.65,1012.36
88,7442.0,5.0,9421.0,1.3,4.0,9759.0,14722.0,0.08,13544.24,0.759,10280.07816,2058.72448,1205.43736,2207.71112,7381.6108,5417.696,45.5086464,3.7923871999999994,45.293310000000005,0.9146207139872615,225.0,0.092,0.2145,43.82235,1.9,1000.66
89,6240.0,3.0,7995.0,0.8,3.6,8229.0,13512.0,0.077,12471.576000000001,0.731,9116.722056,1933.09428,1421.7596640000002,2157.582648,6809.480496000001,4988.630400000001,42.02921112000001,3.6167570400000004,40.466475200000005,0.9125141434410015,206.0,0.096,0.2178,40.5595872,1.8,1013.52
90,0.0,0.0,7108.0,3.2,5.5,9032.0,9265.0,0.07,8616.449999999999,0.656,5652.391199999999,2326.4415,637.6172999999999,1542.3445499999998,4497.786899999999,3274.2509999999997,28.434284999999996,2.4126059999999994,33.565096200000006,0.9287142786088861,167.0,0.086,0.2187,33.381930600000004,1.78,1253.74
91,5674.0,1.0,8591.0,4.1,4.4,9022.0,13774.0,0.068,12837.367999999999,0.733,9409.790743999998,2272.2141359999996,1155.3631199999998,2131.003088,7163.251344,5006.57352,41.0795776,3.46608936,37.943796,0.9118813214407979,187.0,0.086,0.2236,38.2172648,1.65,1020.06
92,3666.0,0.0,10719.0,1.5,3.6,11972.0,13717.0,0.079,12633.357,0.778,9828.751746,1301.2357709999999,1503.369483,2147.67069,7099.946634000001,4927.009230000001,41.94274524,3.41100639,43.10336100000001,0.9214471344603307,217.0,0.093,0.2188,43.0639972,1.7,1005.16
93,7200.0,4.0,8741.0,2.6,3.9,9141.0,15167.0,0.06,14256.98,0.76,10835.3048,1853.4074,1568.2677999999999,2551.9994199999996,7770.0541,5560.2222,48.188592400000005,4.4196637999999995,47.7151147,0.9113275603149353,233.0,0.087,0.225,47.864025000000005,2.0,1261.36
94,2000.0,2.0,8298.0,1.4,4.3,8650.0,14847.0,0.073,13763.169,0.64,8808.42816,3702.292461,1252.448379,2518.6599269999997,7294.47957,5367.63591,44.592667559999995,4.54184577,43.3044795,0.897682860880666,211.0,0.085,0.2213,42.7252845,1.59,1000.44
95,4154.0,5.0,9279.0,1.5,4.7,9341.0,14888.0,0.077,13741.624,0.645,8863.34748,3421.6643759999997,1456.612144,2597.166936,7296.802344000001,5496.649600000001,44.79769424,3.8476547199999995,43.8677316,0.9112223034473383,214.0,0.082,0.2163,42.4925676,1.59,1260.66
96,7345.0,8.0,7144.0,0.9,3.9,7796.0,14900.0,0.072,13827.2,0.619,8559.0368,3954.5791999999997,1313.584,2488.896,7521.996800000001,5530.880000000001,45.214944,3.871616,49.2819732,0.9203652648035378,244.0,0.079,0.2124,47.7313776,1.65,1006.94
97,6084.0,2.0,6761.0,0.8,3.7,7399.0,13598.0,0.072,12618.944000000001,0.621,7836.364224000001,3848.7779200000004,933.801856,2031.6499840000004,6990.894976000001,5047.5776000000005,41.76870464,3.28092544,42.336528,0.9187375621041205,208.0,0.079,0.2068,39.616262400000004,1.6,1013.9
98,7161.0,2.0,6935.0,0.8,4.1,7300.0,13600.0,0.071,12634.400000000001,0.656,8288.166400000002,3057.5248,1288.7088,2173.1168000000002,6961.554400000002,5053.760000000001,40.809112,3.1586000000000003,38.078524,0.9166199670911876,191.0,0.08,0.2111,37.094492,1.62,1003.16
99,4046.0,4.0,6233.0,1.0,3.5,6404.0,13571.0,0.082,12458.178,0.607,7562.114046,1445.148648,3450.9153060000003,2292.304752,6739.874298000001,4983.2712,40.61366028,3.1145445,40.544755200000004,0.9219469408117013,206.0,0.082,0.2102,39.7505016,1.65,1001.7
100,3543.0,1.0,7531.0,1.4,3.6,7842.0,14625.0,0.072,13572.0,0.636,8631.792,2103.66,2836.548,2497.248,7274.592000000001,5428.8,46.1448,3.12156,42.546624,0.9276928953369475,214.0,0.088,0.2192,42.7808256,1.6,753.12
101,6162.0,3.0,8738.0,1.6,3.5,8537.0,14865.0,0.08,13675.800000000001,0.65,8889.27,2776.1874000000003,2010.3426,2666.7810000000004,7056.712800000001,5333.562000000001,44.856624000000004,3.0086760000000004,40.490657,0.9292370525891248,205.0,0.086,0.2275,42.626675000000006,1.6,1265.2
102,1500.0,3.0,10269.0,1.1,3.4,10139.0,15048.0,0.078,13874.256000000001,0.599,8310.679344,4245.522336,1318.0543200000002,2469.617568,7256.235888000001,5549.702400000001,48.14366832,3.1910788800000005,46.68580800000001,0.9309484420234256,240.0,0.082,0.2097,46.201104,1.68,1252.82
103,6644.0,4.0,9040.0,4.1,5.4,9052.0,14996.0,0.071,13931.284000000001,0.763,10629.569692000001,2535.493688,766.22062,2368.3182800000004,7522.893360000001,5572.513600000001,47.78430412,3.4828210000000004,43.933897800000004,0.9273057762497554,234.0,0.081,0.2202,47.353129200000005,1.7,1265.32
104,6589.0,2.0,11180.0,3.2,4.4,11370.0,15082.0,0.072,13996.096000000001,0.834,11672.744064,1483.586176,839.76576,2239.3753600000005,7739.841088000001,5458.477440000001,46.04715584,3.63898496,41.2087871,0.9125464161929212,221.0,0.081,0.1999,40.599490100000004,1.6,1276.36
105,1539.0,3.0,10272.0,1.5,4.2,10212.0,15076.0,0.079,13884.996000000001,0.82,11385.69672,1235.764644,1263.534636,2471.529288,7303.507896000001,5553.9984,45.126237,3.6100989599999997,41.4592146,0.9114185373543291,213.0,0.081,0.2047,40.0694109,1.64,1249.22
106,5497.0,3.0,10549.0,3.4,4.0,10560.0,14510.0,0.081,13334.69,0.713,9507.63397,2506.9217200000003,1320.1343100000001,2506.9217200000003,6840.695970000001,5200.529100000001,42.4043142,3.6003663,39.1770452,0.9067634066909458,211.0,0.084,0.1959,37.8627684,1.75,1200.76
107,6323.0,3.0,7066.0,3.1,3.8,7349.0,14903.0,0.07,13859.789999999999,0.848,11753.10192,1385.979,720.70908,2619.50031,6943.75479,5543.916,44.2127301,4.296534899999999,40.009473,0.8941325896657566,203.0,0.085,0.2089,38.802130500000004,1.6,1002.76
108,6164.0,3.0,9215.0,0.8,3.4,9603.0,15085.0,0.091,13712.265000000001,0.877,12025.656405000002,287.95756500000005,1398.65103,2317.3727850000005,7486.896690000001,5347.783350000001,42.2337762,3.7023115500000006,40.44404,0.9115264482876405,205.0,0.09,0.2239,41.768545,1.72,1200.24
109,6539.0,1.0,10624.0,0.6,3.8,10888.0,14941.0,0.082,13715.838,0.732,10039.993416,1604.753046,2071.0915379999997,2592.293382,7187.099112,5349.17682,45.2622654,3.70327626,42.0002506,0.9101560296339221,218.0,0.083,0.2031,40.600908600000004,1.7,1002.58
110,2981.0,4.0,8098.0,0.6,5.1,8402.0,15212.0,0.078,14025.464,0.72,10098.334079999999,2692.889088,1234.240832,2468.481664,7489.5977760000005,5469.930960000001,47.96708688,3.6466206399999996,46.071806,0.921041413507758,230.0,0.087,0.2179,45.756821,1.75,1001.88
111,1857.0,1.0,11552.0,1.0,3.9,12249.0,15131.0,0.078,13950.782000000001,0.607,8468.124674,4059.677562,1422.979764,2594.845452,6891.686308,5580.312800000001,47.99069008,3.3481876800000006,45.8212062,0.9294984016370322,226.0,0.083,0.229,47.45841800000001,1.7,1002.1
112,3686.0,5.0,7621.0,1.5,3.6,8081.0,14341.0,0.077,13236.743,0.582,7703.784426,3693.0512970000004,1839.9072770000002,2276.719796,7121.367734,5294.6972000000005,43.54888447,3.17681832,40.7777265,0.925064556670218,203.0,0.089,0.228,42.164724,1.7,1001.5
113,3909.0,3.0,8353.0,1.7,5.0,8960.0,13590.0,0.079,12516.390000000001,0.716,8961.73524,2290.49937,1264.1553900000001,2165.33547,6896.530890000001,4881.392100000001,41.5544148,3.0039336000000003,38.138928,0.9253461567202395,190.0,0.088,0.2316,40.131648,1.6,1002.5
114,5110.0,2.0,5887.0,1.2,3.9,6789.0,13832.0,0.079,12739.272,0.672,8560.790784,2675.24712,1503.234096,2229.3726,6955.642512000001,5095.7088,43.69570296,2.9300325600000003,41.857899200000006,0.934248709133778,208.0,0.089,0.2364,44.7949632,1.65,999.46
115,3805.0,1.0,9129.0,1.4,4.4,9738.0,13977.0,0.085,12788.955,0.795,10167.219225,1355.62923,1266.106545,2276.43399,6944.402565,5115.582,42.33144105,3.19723875,38.479754400000004,0.9247360429255371,199.0,0.096,0.237,42.635352000000005,1.6,1001.84
116,4886.0,1.0,10349.0,2.7,4.8,10540.0,13998.0,0.079,12892.158000000001,0.766,9875.393028,1534.1668020000002,1482.5981700000002,2539.7551260000005,6549.216264000001,5156.863200000001,43.188729300000006,3.35196108,42.430013100000004,0.925804302640506,229.0,0.101,0.2185,44.9828135,1.5,1001.56
117,6639.0,0.0,7822.0,3.6,4.2,8499.0,13887.0,0.082,12748.266,0.73,9306.23418,2498.660136,943.371684,2269.191348,6871.315374,4971.82374,43.216621739999994,3.1870665,40.554622599999995,0.9243269123704059,206.0,0.089,0.2242,42.0747172,1.5,1100.88
118,3954.0,0.0,7904.0,1.6,4.5,8505.0,15091.0,0.08,13883.720000000001,0.853,11842.813160000002,1124.5813200000002,916.3255200000001,2804.51144,7039.046040000001,5553.488000000001,47.7599968,4.5816276,43.48446,0.9003564265423444,218.0,0.085,0.2243,44.741121,1.6,1200.84
119,5798.0,2.0,8028.0,2.6,4.8,8629.0,15043.0,0.081,13824.517,0.68,9400.67156,2516.062094,1907.7833460000002,2516.062094,7437.5901460000005,5529.8068,46.86511263,5.39156163,51.2772568,0.896230532563655,257.0,0.098,0.2169,50.2804566,1.6,1200.46
120,7378.0,5.0,9034.0,2.8,5.0,9795.0,15018.0,0.082,13786.524000000001,0.641,8837.161884000001,2922.743088,2026.619028,2702.1587040000004,6769.183284000001,5652.47484,47.14991208,4.411687680000001,40.2926655,0.9013675017400026,211.0,0.085,0.2263,43.6906095,1.65,1200.36
121,7360.0,3.0,10003.0,2.1,4.5,10532.0,14701.0,0.077,13569.023000000001,0.745,10108.922135,1668.989829,1791.1110360000002,2781.649715,6703.097362,5563.29943,48.170031650000006,4.20639713,39.15296,0.9001158121509927,200.0,0.092,0.225,40.86,1.65,1251.12
122,5497.0,2.0,8521.0,2.1,4.8,9274.0,14755.0,0.08,13574.6,0.673,9135.705800000002,2171.936,2266.9582,2484.1518,7194.5380000000005,5294.094,45.47491,4.343872,40.127736600000006,0.8969868934676716,207.0,0.083,0.2155,40.905994500000006,1.65,1250.4
123,4455.0,1.0,13278.0,1.1,5.2,14668.0,14931.0,0.073,13841.037,0.68,9411.90516,3224.9616210000004,1204.1702189999999,2740.5253260000004,7058.928870000001,5398.00443,45.39860136,4.982773320000001,40.6591056,0.8853482872190973,207.0,0.094,0.2203,41.3155026,1.7,1251.02
124,4454.0,3.0,5540.0,0.8,3.6,6292.0,14917.0,0.078,13753.474,0.77,10590.17498,2090.528048,1072.770972,2448.118372,7193.0669020000005,5363.85486,46.48674212,4.9512506400000005,44.6757792,0.8912848911520663,227.0,0.088,0.2114,43.7648736,1.55,1253.56
125,5171.0,4.0,8097.0,1.9,4.2,8449.0,14169.0,0.072,13148.832,0.785,10321.833120000001,1446.3715200000001,1380.62736,2287.896768,6995.178624,5259.532800000001,43.522633920000004,4.07613792,41.3238714,0.9017494539508147,201.0,0.083,0.2173,40.0520841,1.55,1200.48
126,5223.0,2.0,9757.0,2.1,4.8,10185.0,13989.0,0.071,12995.781,0.778,10110.717618,1325.569662,1559.49372,2300.253237,7056.709083000001,5198.312400000001,43.275950730000005,4.15864992,39.2426308,0.8980163395921756,191.0,0.084,0.224,39.190144000000004,1.55,501.5
127,4186.0,2.0,9777.0,0.8,3.6,10070.0,14652.0,0.089,13347.972,0.811,10825.205292,1054.489788,1468.27692,2456.026848,6860.857608,5205.70908,44.58222648,5.072229360000001,46.61484660000001,0.8940657046746903,238.0,0.097,0.2174,46.722303600000004,1.6,500.42
128,7116.0,0.0,10519.0,0.7,4.1,10823.0,14554.0,0.088,13273.248,0.709,9410.732832,2163.539424,1698.975744,2309.5451519999997,6915.3622080000005,5309.2992,43.8017184,5.04383424,40.429034,0.8843719310426964,205.0,0.084,0.2246,42.175388,1.6,1200.62
129,6586.0,0.0,6972.0,0.7,3.9,7842.0,14908.0,0.091,13551.372000000001,0.661,8957.456892000002,2764.479888,1829.4352200000003,2791.582632,6856.994232000001,5420.5488000000005,45.12606876,4.2009253200000005,39.611443200000004,0.8952567730107452,196.0,0.088,0.2204,39.3969408,1.75,502.58
130,5893.0,3.0,6795.0,0.4,2.7,7008.0,13705.0,0.085,12540.075,0.615,7712.146125,3473.6007750000003,1354.3281000000002,2094.1925250000004,6884.501175000001,4890.629250000001,43.890262500000006,3.511221,40.094208,0.9162335349891423,198.0,0.096,0.233,41.705136,1.5,1005.22
131,2900.0,0.0,6002.0,1.1,3.2,6906.0,13568.0,0.083,12441.856,0.763,9493.136128,1381.046016,1567.673856,2251.975936,6544.416256,4976.7424,44.41742592,3.9813939200000004,41.5343916,0.9084761763054788,202.0,0.091,0.2332,42.8197176,1.55,1000.78
132,6800.0,0.0,6572.0,0.9,4.0,6891.0,14920.0,0.081,13711.480000000001,0.733,10050.514840000002,2906.83376,754.1314000000001,2399.509,7239.661440000001,5484.592000000001,49.0870984,4.5247884,45.76766000000001,0.9032815443874967,235.0,0.095,0.2147,45.661322500000004,1.55,1002.16
133,5100.0,0.0,7095.0,1.0,3.9,7686.0,15151.0,0.074,14029.826000000001,0.769,10788.936194000002,2034.32477,1206.565036,2707.7564180000004,7393.718302000001,5611.930400000001,48.54319796,4.770140840000001,42.569971200000005,0.8918234783078,216.0,0.088,0.2144,42.2350848,1.68,997.54
134,4400.0,2.0,9076.0,1.2,4.8,8555.0,14793.0,0.09,13461.630000000001,0.71,9557.757300000001,2853.86556,1050.0071400000002,2463.47829,7067.355750000001,5384.652000000001,46.0387746,4.1731053000000005,41.8075209,0.8975776117705861,207.0,0.089,0.2123,40.034897099999995,1.55,503.3
135,5298.0,1.0,9773.0,0.8,4.8,10458.0,15184.0,0.09,13817.44,0.83,11468.4752,1409.37888,939.5859200000001,2473.32176,7475.2350400000005,5388.801600000001,45.0448544,3.7307088000000004,41.03403,0.9119347772819646,205.0,0.086,0.2255,42.251935,1.55,1001.28
136,6865.0,0.0,12267.0,1.4,3.2,12450.0,15193.0,0.085,13901.595000000001,0.79,10982.26005,1098.2260050000002,1821.1089450000002,2502.2871,7353.943755000001,5560.638000000001,46.153295400000005,3.6144147,37.780992,0.9083749201129804,192.0,0.089,0.223,39.005376000000005,1.65,753.78
137,5336.0,1.0,9470.0,3.3,7.4,9997.0,14589.0,0.068,13596.947999999999,0.79,10741.58892,2175.5116799999996,679.8474,2406.6597959999995,7342.35192,5438.7792,45.82171476,3.5352064799999994,37.87992,0.9134256850336723,195.0,0.088,0.2235,39.747240000000005,1.5,519.48
138,3588.0,0.0,8045.0,2.0,3.8,9359.0,15181.0,0.079,13981.701000000001,0.797,11143.415697000002,1887.5296350000003,950.7556680000001,2390.8708710000005,7647.990447000001,5592.680400000001,47.95723443,3.7750592700000003,42.7252845,0.913825555045382,211.0,0.085,0.2237,43.1886405,1.6,1193.06
139,4023.0,0.0,8429.0,2.7,4.4,9501.0,15070.0,0.064,14105.519999999999,0.689,9718.703279999998,2821.104,1565.7127199999998,2609.5211999999997,7278.4483199999995,5642.208,48.52298879999999,3.8084903999999997,42.4195936,0.9143562020001018,214.0,0.084,0.2198,43.086075199999996,1.6,1001.72
140,3626.0,0.0,11186.0,2.7,5.1,11610.0,15143.0,0.084,13870.988000000001,0.737,10222.918156000002,2150.0031400000003,1498.066704,2344.196972,7379.365616000001,5409.6853200000005,46.883939440000006,3.60645688,42.195208,0.9184225727865442,218.0,0.087,0.2212,44.02632080000001,1.58,1215.26
141,6090.0,0.0,10495.0,2.4,4.8,11073.0,14864.0,0.072,13793.792000000001,0.73,10069.46816,1669.0488320000002,2055.275008,2427.7073920000003,7503.822848000002,5379.578880000001,46.48507904000001,3.7243238400000003,37.610227200000004,0.9050926665030363,188.0,0.084,0.2211,38.0751888,1.69,1001.4
142,6758.0,1.0,15438.0,2.3,5.1,16205.0,15031.0,0.08,13828.52,0.577,7979.0560399999995,3470.95852,2378.50544,2406.16248,7536.5434000000005,5531.408,44.94269,3.5954151999999997,43.863208,0.9238103150053613,223.0,0.08,0.2291,47.002156,1.6,505.46
143,4500.0,0.0,15471.0,4.4,8.3,16135.0,14932.0,0.081,13722.508,0.672,9221.525376,3128.731824,1372.2508,2593.554012,7231.761716,5489.0032,45.83317672,3.97952732,39.1032642,0.9071510964808608,213.0,0.083,0.2153,42.052611299999995,1.6,1004.06
144,3300.0,1.0,9537.0,4.5,7.3,10231.0,14701.0,0.082,13495.518,0.672,9068.988096000001,3103.96914,1322.560764,2348.220132,7436.030418,5398.207200000001,45.61485084,3.91370022,42.9871575,0.9118128367805812,217.0,0.085,0.2205,43.781377500000005,1.68,500.7
145,3083.0,0.0,11480.0,0.9,4.7,11488.0,14829.0,0.092,13464.732,0.847,11404.628004,767.489724,1292.614272,2531.369616,7122.843228000001,5385.8928000000005,42.68320044,3.63547764,42.354836000000006,0.9135486875787825,206.0,0.078,0.2216,42.088931200000005,1.6,501.64
146,4656.0,0.0,11093.0,4.3,4.7,12202.0,14875.0,0.089,13551.125,0.812,11003.513500000001,1734.544,813.0675,2412.10025,6924.624875,5420.450000000001,42.5505325,3.5232924999999997,40.5775176,0.9131309434931375,202.0,0.084,0.2186,40.4479952,1.6,1201.8
147,3658.0,1.0,10854.0,2.1,4.6,11549.0,14870.0,0.082,13650.66,0.744,10156.09104,2143.15362,1351.41534,2702.83068,6661.52208,5596.7706,43.4090988,4.2317046,41.193000000000005,0.8976135904455074,199.0,0.08,0.2198,40.240984000000005,1.6,1000.44
148,4958.0,0.0,12398.0,4.9,5.2,12300.0,14691.0,0.095,13295.355,0.73,9705.60915,2592.594225,997.151625,2539.412805,6847.107825,5185.18845,44.00762505,3.7226993999999998,39.5764131,0.905129340755518,203.0,0.097,0.2133,39.099809699999994,1.6,1196.08
149,7038.0,1.0,12002.0,3.5,5.9,13050.0,14627.0,0.09,13310.57,0.771,10262.44947,2009.8960699999998,1038.22446,2502.3871599999998,6668.5955699999995,5191.1223,44.5904095,3.3276425,41.156520300000004,0.9260128529870154,213.0,0.089,0.2342,45.4448706,1.55,993.12
150,4823.0,2.0,12118.0,3.8,5.4,12077.0,14671.0,0.079,13511.991,0.686,9269.225826,3067.221957,1175.543217,2648.350236,6810.043464,5404.7964,47.2919685,3.64823757,44.036460000000005,0.9231172162917233,246.0,0.082,0.2085,47.085138,1.68,966.18
151,7050.0,0.0,11844.0,1.6,4.9,11804.0,14601.0,0.084,13374.516000000001,0.766,10244.879256000002,1471.1967600000003,1658.439984,2715.0267480000007,6807.628644000001,5483.55156,46.008335040000006,3.74486448,43.46088480000001,0.9156990246865414,226.0,0.079,0.2117,44.064508200000006,1.6,1177.58
152,3847.0,0.0,8160.0,1.9,4.2,9135.0,14514.0,0.087,13251.282000000001,0.655,8679.58971,2000.943582,2570.748708,2504.492298,7062.933306000001,5300.5128,43.19917932,3.8428717800000003,41.5753128,0.906751664136884,216.0,0.083,0.2054,40.6839888,1.6,535.66
153,2600.0,0.0,8126.0,0.9,4.5,9051.0,14910.0,0.086,13627.74,0.69,9403.140599999999,2112.2997,2112.2997,2698.29252,7113.6802800000005,5451.0960000000005,45.1078194,4.4971542,40.49734480000001,0.8962703216529601,209.0,0.092,0.2231,42.3381332,1.6,1001.78
154,3900.0,0.0,9422.0,1.2,3.2,9954.0,14275.0,0.089,13004.525,0.676,8791.0589,1742.60635,2470.85975,2535.882375,6749.348475,5201.81,43.56515875,5.20181,41.15550400000001,0.8799595797547427,206.0,0.096,0.2242,41.751420800000005,1.6,967.62
155,4465.0,0.0,9395.0,3.2,6.1,9817.0,14798.0,0.059,13924.918000000001,0.784,10917.135712000001,1754.5396680000001,1253.24262,2422.935732,7505.530802000001,5430.718020000001,46.23072776000001,6.126963920000001,33.576768,0.8402787986901453,160.0,0.082,0.2331,34.237728,1.6,1066.98
156,3578.0,0.0,10639.0,1.6,3.0,10849.0,15183.0,0.084,13907.628,0.667,9276.387876,2781.5256000000004,1849.7145240000002,2586.818808,7343.227584000001,5563.051200000001,47.42501148,5.98028004,41.6772,0.8631164127724589,200.0,0.082,0.2241,41.14476,1.6,697.18
157,6515.0,0.0,8273.0,0.9,2.8,8853.0,15134.0,0.079,13938.414,0.734,10230.795876,1742.30175,1965.316374,2648.2986600000004,7484.928318000001,5575.365600000001,47.66937588,5.854133880000001,44.4249896,0.8780072620748887,223.0,0.092,0.225,45.5589,1.6,448.54
158,3168.0,1.0,11341.0,0.6,3.6,11543.0,14809.0,0.091,13461.381000000001,0.704,9476.812224000001,1817.2864350000002,2167.282341,2517.278247,6730.690500000001,5249.938590000001,44.82639873000001,3.7691866800000002,44.205616799999994,0.9172406541385728,222.0,0.092,0.2265,45.656964,1.65,1251.58
159,3704.0,0.0,11235.0,1.0,3.2,10967.0,15058.0,0.086,13763.012,0.751,10336.022012000001,1568.9833680000002,1858.00662,2670.0243280000004,7184.292264000001,5367.574680000001,45.693199840000005,3.30312288,42.817047,0.9260323666654215,213.0,0.09,0.2318,44.929794,1.56,1002.68
160,5863.0,1.0,8445.0,2.2,3.7,8647.0,15110.0,0.088,13780.32,0.761,10486.82352,1998.1463999999999,1295.35008,2824.9656,7041.74352,5512.128000000001,48.6445296,3.3072768,47.989018800000004,0.9331009235658064,236.0,0.091,0.2337,50.1342588,1.68,504.7
161,4289.0,0.0,11967.0,3.8,5.5,12176.0,15179.0,0.081,13949.501,0.718,10015.741718,2357.465669,1576.293613,2762.0011980000004,7044.498005,5440.30539,47.14931338,3.3478802400000003,40.40245600000001,0.9240794159955221,215.0,0.086,0.224,44.018240000000006,1.56,1259.44
162,3517.0,2.0,7264.0,1.8,3.2,7481.0,13676.0,0.084,12527.216,0.847,10610.551952,1290.303248,626.3608,2405.225472,6438.989024,4760.34208,42.5925344,3.7581648,38.5722624,0.9102988577858174,192.0,0.086,0.2359,41.3976192,1.6,1215.28
163,3945.0,1.0,5764.0,1.4,4.2,5751.0,13808.0,0.083,12661.936,0.917,11610.995312000001,658.420672,392.520016,2532.3872,6495.573168,4938.15504,42.4174856,3.5453420799999997,37.051848,0.910906703043647,180.0,0.092,0.2407,39.340008,1.5,1001.54
164,4454.0,2.0,10471.0,1.5,4.2,11198.0,13888.0,0.083,12735.296,0.766,9755.236736,1846.61792,1133.441344,2432.4415360000003,6469.530368000001,4966.76544,43.55471232,3.3111769599999996,23.9358402,0.8746716885830783,111.0,0.082,0.2482,25.291083600000004,1.7,998.96
165,7594.0,2.0,7296.0,1.1,3.0,7338.0,13862.0,0.079,12766.902,0.828,10570.994856,1391.592318,804.314826,2336.343066,6281.315784,5106.7608,44.30114994,3.06405648,42.450408,0.9323683266965412,209.0,0.09,0.239,45.45541,1.65,1002.72
166,3337.0,1.0,7237.0,1.2,3.0,7355.0,14829.0,0.088,13524.048,0.81,10954.47888,1217.16432,1352.4048000000003,2339.660304,7262.413776000001,5274.378720000001,45.71128224,3.381012,44.3527488,0.9296115230458539,228.0,0.088,0.2335,48.553056000000005,1.7,503.62
167,4155.0,1.0,8583.0,0.8,4.2,8436.0,14948.0,0.084,13692.368,0.779,10666.354672000001,1999.085728,1026.9276,2711.0888640000003,7065.261888,5613.8708799999995,48.74483008,3.0123209600000003,44.995379,0.9359971588383066,221.0,0.087,0.2363,47.6789599,1.9,1210.88
168,2700.0,0.0,9171.0,0.8,2.4,9095.0,14365.0,0.08,13215.800000000001,0.748,9885.4184,1850.2120000000002,1480.1696000000002,2392.0598,7070.453000000001,5286.320000000001,44.140772000000005,2.7753180000000004,41.770677,0.9345433949358091,205.0,0.094,0.23,42.71790000000001,1.75,996.18
169,5300.0,0.0,9138.0,0.7,4.0,8659.0,15090.0,0.083,13837.53,0.856,11844.92568,940.9520400000001,1051.65228,2393.89269,7154.00301,5535.012000000001,43.8649701,2.9058813000000003,38.02629,0.925251551858325,188.0,0.095,0.2293,39.013102,1.53,745.86
170,4585.0,0.0,9920.0,0.8,3.4,9815.0,15397.0,0.082,14134.446,0.802,11335.825692,1851.6124260000001,947.007882,2826.8892,7321.643028,5653.7784,46.78501626,3.25092258,41.5023045,0.9261797572078049,213.0,0.095,0.2289,44.1239085,1.56,1208.68
171,5452.0,0.0,12176.0,2.5,5.1,11507.0,15299.0,0.081,14059.781,0.829,11655.558449,1420.0378810000002,984.1846700000002,2826.0159810000005,6889.29269,5623.912400000001,46.678472920000004,3.5149452500000002,43.650684000000005,0.9191674486616741,216.0,0.095,0.221,43.201080000000005,1.62,1000.24
172,4463.0,0.0,11162.0,1.9,5.3,10787.0,15016.0,0.087,13709.608,0.705,9665.27364,2262.08532,1782.2490400000002,2591.115912,7142.705768000001,5483.8432,45.9271868,3.70159416,40.089504,0.910357566439902,208.0,0.09,0.2164,40.960192,1.6,1251.1
173,3656.0,0.0,11369.0,0.8,4.9,10595.0,13576.0,0.085,12422.04,0.718,8919.02472,1850.8839600000001,1652.1313200000002,2273.2333200000003,6136.48776,4968.816000000001,41.2411728,3.4781712,35.8905547,0.9060862796276423,187.0,0.083,0.2128,36.4907312,1.55,1001.58
174,4389.0,0.0,10723.0,0.8,3.3,10330.0,13645.0,0.091,12403.305,0.696,8632.70028,1600.026345,2170.578375,2145.771765,6797.0111400000005,4837.28895,42.54333615,3.84502455,40.342428,0.9093414866693292,219.0,0.097,0.2131,42.142016700000006,1.55,1006.46
175,6884.0,1.0,7642.0,0.7,2.9,7611.0,13905.0,0.08,12792.6,0.844,10796.9544,1215.297,780.3486,2187.5346000000004,6946.381800000001,5117.040000000001,45.029952,3.83778,44.0716704,0.9171195598678101,233.0,0.088,0.2152,45.729139200000006,1.7,1001.36
176,7635.0,0.0,5933.0,1.0,3.0,6411.0,15177.0,0.081,13947.663,0.694,9679.678122,2859.270915,1408.7139630000001,2315.312058,7392.261390000001,5439.588570000001,47.97996072,3.9053456399999997,42.8057334,0.9089247486263893,226.0,0.081,0.2028,42.12034320000001,1.65,809.5
177,3901.0,1.0,6712.0,0.9,4.1,6147.0,15043.0,0.083,13794.431,0.654,9021.557874,1696.715013,3076.158113,2496.792011,7324.842861000001,5517.772400000001,46.625176780000004,4.1383293,40.43032,0.8997969001170344,215.0,0.08,0.2038,40.311640000000004,1.63,1014.34
178,4591.0,2.0,10280.0,3.3,4.8,9694.0,14979.0,0.081,13765.701000000001,0.618,8507.203218,1665.649821,3592.8479610000004,2643.0145920000004,6827.787696,5506.280400000001,45.564470310000004,4.26736731,37.57866,0.8929614680238707,200.0,0.083,0.2104,38.587360000000004,1.6,1004.08
179,3714.0,1.0,6753.0,1.2,4.3,6751.0,13449.0,0.08,12373.08,0.685,8475.5598,1175.4426,2722.0776,2338.51212,6322.6438800000005,4825.5012,41.0786256,4.2068472,35.409871200000005,0.8868300420144157,187.0,0.079,0.2072,35.6854344,1.56,500.86
180,5427.0,3.0,10125.0,1.4,4.1,9434.0,14685.0,0.074,13598.310000000001,0.762,10361.912220000002,1645.39551,1591.0022700000002,2461.2941100000003,6771.958380000001,5303.340900000001,43.650575100000005,3.8075268,35.96966,0.90202188111978,190.0,0.081,0.2157,37.663377000000004,1.61,501.36
181,6312.0,0.0,8803.0,2.2,6.1,9035.0,14775.0,0.074,13681.650000000001,0.772,10562.233800000002,2339.56215,779.8540500000001,2626.8768000000005,7169.184600000001,5472.660000000001,42.2762985,3.557229,34.8430656,0.9037065699341355,192.0,0.083,0.2037,35.8642368,1.55,1203.34
182,6738.0,0.0,9488.0,1.5,3.7,8655.0,13369.0,0.079,12312.849,0.718,8840.625582,1649.9217660000002,1822.3016519999999,2314.815612,6587.374215000001,4925.1396,41.248044150000005,3.07821225,37.2434436,0.9218927553796664,198.0,0.082,0.2153,39.1337892,1.6,1000.22
183,6304.0,0.0,9206.0,0.6,3.3,9165.0,13627.0,0.07,12673.109999999999,0.751,9517.505609999998,1647.5042999999998,1508.1000899999997,2496.6026699999998,6311.208779999999,4942.5129,43.088573999999994,2.9148153,35.645702400000005,0.9256241858318004,188.0,0.088,0.2257,38.697619200000005,1.55,503.12
184,0.0,1.0,7463.0,0.5,3.8,7773.0,14877.0,0.08,13686.84,0.778,10648.36152,1984.5918,1053.88668,2545.75224,7363.519920000001,5474.736000000001,45.5771772,3.1479732,39.6459456,0.9284865916747592,213.0,0.084,0.2259,44.0748972,1.65,498.04
185,4673.0,1.0,8183.0,1.4,3.5,8230.0,15186.0,0.075,14047.050000000001,0.877,12319.262850000001,1306.3756500000002,421.4115,2682.98655,7163.995500000001,5759.2905,49.44561600000001,3.652233,36.7151994,0.9092398506434142,198.0,0.087,0.2176,39.3364224,1.65,501.04
186,2281.0,3.0,9654.0,1.0,3.5,10087.0,14735.0,0.081,13541.465,0.568,7691.552119999999,2247.88319,3602.0296900000003,2830.166185,7122.81059,5552.00065,46.3118103,4.874927400000001,40.1408604,0.8769786046123705,207.0,0.084,0.1988,37.6948656,1.6,1202.48
187,5460.0,0.0,14721.0,1.4,3.0,14735.0,14332.0,0.079,13199.772,0.572,7550.269584,3682.7363880000007,1966.766028,2455.157592,6520.687368000001,5411.9065200000005,43.5592476,3.8279338800000002,39.044984,0.9018625841539315,191.0,0.08,0.2163,38.008236,1.6,502.54
188,4479.0,2.0,12003.0,4.3,3.7,11741.0,14553.0,0.078,13417.866,0.77,10331.75682,1556.472456,1529.636724,2562.812406,6896.7831240000005,5501.325059999999,45.6207444,3.6228238200000003,41.924400000000006,0.9130999138967485,210.0,0.08,0.2122,40.997040000000005,1.65,500.76
189,6920.0,0.0,6294.0,5.0,4.5,6395.0,13469.0,0.088,12283.728000000001,0.593,7284.250704,2726.9876160000003,2272.48968,2616.434064,6019.026720000001,5036.32848,41.7646752,3.43944384,38.3681232,0.9069464317597461,198.0,0.079,0.2004,36.5445432,1.6,1201.88
190,4900.0,3.0,10484.0,2.0,4.6,11208.0,14528.0,0.073,13467.456,0.732,9858.177792,2073.988224,1535.289984,2599.219008,7056.946944,5521.656959999999,44.4426048,3.366864,27.346774,0.8778729631325595,130.0,0.083,0.2192,26.130832,1.7,1200.16
191,3300.0,2.0,11371.0,1.8,4.7,12231.0,14753.0,0.082,13543.254,0.702,9507.364308,1882.5123060000003,2153.377386,3060.7754040000004,6487.218666,5552.73414,44.286440580000004,3.6566785800000003,42.574103,0.9140972220584459,211.0,0.087,0.2186,42.1117598,1.6,1234.22
192,6007.0,2.0,12041.0,1.2,3.6,12395.0,14860.0,0.079,13686.060000000001,0.708,9689.73048,2080.28112,1916.0484000000004,2846.70048,6966.204540000001,5611.2846,43.79539200000001,3.6952362000000005,30.361320000000003,0.8846732855226878,150.0,0.098,0.2275,30.780750000000005,1.76,1273.8
193,6229.0,1.0,12231.0,1.1,4.3,12944.0,15000.0,0.076,13860.0,0.712,9868.32,2120.58,1871.1000000000001,2952.18,6957.72,5682.599999999999,45.5994,3.7422,43.18326,0.9140134505053814,211.0,0.1,0.2252,42.765480000000004,1.6,1250.4
194,4813.0,2.0,7279.0,0.5,2.8,7673.0,14688.0,0.089,13380.768,0.734,9821.483712,1966.972896,1592.3113919999998,2756.438208,6784.049376,5486.11488,43.88891904,3.7466150399999996,39.7483884,0.9043499858644185,196.0,0.091,0.2174,38.732853600000006,1.6,1249.56
195,3590.0,0.0,8095.0,0.4,2.6,9154.0,14583.0,0.088,13299.696,0.756,10054.570176,1329.9696000000001,1915.1562239999998,2580.141024,7128.6370560000005,5319.8784000000005,44.5539816,3.59091792,41.8144896,0.914255680171857,208.0,0.092,0.221,41.738944000000004,1.6,1203.98
196,4591.0,0.0,9823.0,0.5,2.6,10998.0,14741.0,0.085,13488.015000000001,0.78,10520.651700000002,1820.8820250000003,1146.481275,2805.50712,6784.471545,5395.206000000001,43.29652815000001,3.5068839,43.900032,0.9203823186098468,220.0,0.088,0.2192,43.980288,1.62,1000.64
197,3689.0,0.0,11561.0,1.1,3.6,12507.0,14825.0,0.084,13579.7,0.697,9465.0509,2933.2152,1181.4339,2715.9400000000005,7075.023700000001,5431.880000000001,45.220401,3.530722,37.110163199999995,0.9071909334611531,192.0,0.087,0.214,37.513344,1.6,501.1
198,7222.0,1.0,6064.0,1.1,3.6,7021.0,13952.0,0.084,12780.032000000001,0.73,9329.42336,2210.945536,1239.6631040000002,2594.3464960000006,6696.736768000001,5239.81312,44.730112000000005,3.1950080000000005,41.557685400000004,0.9251294854381262,209.0,0.097,0.2266,42.7655382,1.8,450.26
199,7223.0,0.0,11314.0,1.2,3.6,12223.0,14017.0,0.081,12881.623000000001,0.71,9145.95233,2447.5083700000005,1288.1623000000002,2486.153239,6891.668305000001,5281.46543,43.66870197,3.3492219800000003,40.2283024,0.920266791809241,208.0,0.089,0.2203,41.744206399999996,1.65,1024.1
200,4747.0,0.0,4484.0,0.8,3.7,4895.0,14379.0,0.081,13214.301000000001,0.723,9553.939623,2061.430956,1598.930421,2656.0745010000005,6845.007918000001,5285.720400000001,44.400051360000006,3.70000428,44.5627098,0.9170996707366502,213.0,0.086,0.2271,44.212282200000004,1.68,1203.38
201,2923.0,1.0,10472.0,0.7,4.1,11024.0,14478.0,0.078,13348.716,0.682,9103.824312,2576.302188,1668.5895,2549.604756,6741.1015800000005,5339.486400000001,44.7181986,3.60415332,43.824199500000006,0.9175997452413374,219.0,0.085,0.2155,43.182967500000004,1.75,1002.88
202,7076.0,0.0,9210.0,1.0,3.7,10157.0,14509.0,0.077,13391.807,0.665,8905.551655000001,3026.5483820000004,1459.706963,2504.267909,7057.4822890000005,5356.7228000000005,45.5321438,3.6157878900000004,44.73469,0.9189156141062049,218.0,0.09,0.222,44.04036,1.75,504.6
203,5526.0,0.0,9965.0,1.5,3.9,10510.0,14523.0,0.081,13346.637,0.741,9889.858017,2162.1551940000004,1294.623789,2655.9807630000005,6993.637788000001,5472.12117,46.31283039,3.73705836,40.681083,0.908619337673526,202.0,0.085,0.2175,40.200525000000006,1.8,1201.28
204,6070.0,0.0,6836.0,0.9,5.1,7287.0,14606.0,0.078,13466.732,0.722,9722.980504,1979.609604,1764.141892,2679.879668,7043.1008360000005,5386.692800000001,45.7868888,3.7706849599999996,41.03022,0.9089199646323889,200.0,0.087,0.2222,40.57372,1.7,1009.74
205,8517.0,0.0,13184.0,0.8,3.5,13445.0,15204.0,0.076,14048.496000000001,0.689,9679.413744,1980.837936,2388.2443200000002,2950.1841600000002,7206.878448,5619.398400000001,47.62440144,4.07406384,42.842624400000005,0.9039521280564493,218.0,0.091,0.2081,41.237512200000005,1.7,501.96
206,5174.0,0.0,11152.0,0.7,3.3,11865.0,14231.0,0.083,13049.827000000001,0.617,8051.743259000001,1187.534257,3810.549484,2505.566784,6746.760559000001,5219.930800000001,43.325425640000006,3.65395156,40.833007200000004,0.9066882310232189,204.0,0.091,0.2076,38.4965136,1.85,1200.86
207,2938.0,1.0,12182.0,2.3,5.0,12939.0,14696.0,0.078,13549.712000000001,0.515,6978.101680000001,1653.0648640000002,4918.545456000001,2587.9949920000004,7262.645632000002,5419.884800000001,44.578552480000006,3.6584222400000006,39.633854400000004,0.9090646306879645,202.0,0.084,0.2131,39.43031920000001,1.7,1006.6
208,4220.0,0.0,11698.0,1.7,5.6,12514.0,14353.0,0.078,13233.466,0.577,7635.709881999999,2342.323482,3255.432636,2527.5920060000003,7040.203912000001,5293.3864,41.95008722,3.83770514,39.6717066,0.9019556231195212,206.0,0.079,0.2006,38.0590356,1.56,1000.2
209,3918.0,0.0,13265.0,1.2,4.4,13126.0,14759.0,0.087,13474.967,0.661,8906.953187000001,1738.270743,2829.74307,2560.24373,6616.208797,5389.986800000001,42.850395060000004,3.50349142,37.83247780000001,0.9079533803861057,191.0,0.077,0.2138,37.6914434,1.6,502.6
210,4904.0,0.0,9692.0,0.9,4.1,9793.0,14974.0,0.075,13850.95,0.697,9654.112149999999,2659.3824000000004,1537.4554500000002,2603.9786000000004,6980.8788,5540.380000000001,47.924287,3.878266,44.304705000000006,0.9163396344964228,225.0,0.079,0.2198,45.548055000000005,1.65,503.88
211,6483.0,0.0,8124.0,1.1,4.5,8235.0,15220.0,0.089,13865.42,0.606,8402.44452,3771.39424,1691.58124,2537.3718599999997,7043.63336,5546.168000000001,45.062615,3.7436634,32.901258,0.892388259416071,169.0,0.086,0.2205,34.059753,1.72,1201.7
212,3085.0,0.0,9304.0,1.2,4.2,9820.0,14457.0,0.09,13155.87,0.788,10366.825560000001,1894.44528,894.5991600000001,2446.99182,6512.155650000001,5262.348000000001,43.5459297,3.5520849,40.4301384,0.9156410034369784,212.0,0.091,0.2185,42.106698,1.7,999.48
213,6887.0,0.0,9113.0,1.4,5.8,9465.0,14606.0,0.078,13466.732,0.815,10975.386579999999,1589.0743759999998,902.2710440000001,2477.878688,7083.501032,5386.692800000001,45.92155612,3.7706849599999996,42.1655439,0.9108655393056719,213.0,0.089,0.2139,41.5057977,1.7,999.38
214,6467.0,0.0,9224.0,1.0,4.8,9712.0,14579.0,0.08,13412.68,0.748,10032.68464,1877.7752000000003,1502.22016,2414.2824,7028.244320000001,5230.9452,45.8713656,3.4872967999999998,36.117624,0.9053932564010673,185.0,0.086,0.2136,36.117624,1.65,510.16
215,6868.0,0.0,7204.0,0.8,4.4,8707.0,14409.0,0.081,13241.871000000001,0.756,10010.854476,2224.634328,1006.382196,2211.3924570000004,7335.996534000001,5296.7484,43.698174300000005,3.44288646,39.590419,0.9138463208961634,206.0,0.087,0.2099,39.477572200000004,1.75,503.6
216,4100.0,0.0,7405.0,0.9,5.2,7937.0,14980.0,0.087,13676.74,0.697,9532.687779999998,2188.2784,1955.77382,2653.28756,7193.96524,5333.9286,46.2273812,4.103021999999999,39.0964164,0.9013845839327649,204.0,0.093,0.2211,40.9096908,1.6,1002.3
217,4000.0,0.0,8591.0,1.2,3.5,9580.0,13574.0,0.085,12420.210000000001,0.583,7240.98243,1689.1485600000003,3490.0790100000004,2235.6378,6557.87088,4968.084000000001,40.986693,3.3534567,36.752688,0.9113843291523565,190.0,0.088,0.2163,37.480464,1.8,1002.62
218,3300.0,1.0,10655.0,1.4,4.4,11316.0,13732.0,0.092,12468.656,0.593,7393.913008,2568.5431360000002,2506.199856,2231.889424,6658.262304000001,4987.4624,42.019370720000005,3.49122368,40.12044,0.9105685380856517,200.0,0.089,0.2137,38.93614,1.7,998.1
219,4332.0,0.0,9605.0,0.8,4.1,10473.0,13986.0,0.092,12699.288,0.77,9778.45176,685.761552,2235.074688,2654.151192,6489.336168000001,5079.715200000001,40.256742960000004,3.30181488,37.32965600000001,0.9136978869531591,188.0,0.09,0.224,38.321920000000006,1.62,505.9
220,3297.0,2.0,10544.0,0.9,3.9,11317.0,15050.0,0.08,13846.0,0.729,10093.734,2118.438,1633.828,2949.198,7116.844,5538.400000000001,44.445660000000004,3.73842,38.533968,0.9063946368467318,198.0,0.082,0.2154,39.151965600000004,1.65,452.9
221,7230.0,0.0,8874.0,0.8,3.5,9505.0,14604.0,0.083,13391.868,0.693,9280.564524,1968.604596,2142.69888,2531.063052,6722.7177360000005,5222.82852,45.5323512,4.41931644,37.419928,0.8882559656777883,196.0,0.09,0.2141,38.186876000000005,1.62,1004.52
222,5626.0,0.0,7882.0,0.8,3.4,8560.0,13158.0,0.09,11973.78,0.697,8345.72466,1975.6737000000003,1652.3816400000003,2131.33284,6022.81134,4669.774200000001,40.9503276,3.5921339999999997,38.77188,0.9093830719118017,202.0,0.086,0.2132,39.3626896,1.6,993.44
223,5209.0,0.0,7275.0,0.8,3.5,8290.0,13259.0,0.087,12105.467,0.685,8292.244895000002,2433.198867,1380.0232380000002,2057.9293900000002,6331.159241,4721.13213,41.52175181,3.38953076,36.2781153,0.9122982874579605,189.0,0.089,0.223,38.395917000000004,1.56,1002.36
224,5010.0,0.0,8968.0,0.7,4.2,9655.0,14382.0,0.076,13288.968,0.754,10019.881872,1953.478296,1315.6078320000001,2578.059792,6511.59432,5315.587200000001,43.853594400000006,3.72091104,35.676432000000005,0.9060141283894134,176.0,0.091,0.2416,38.6521344,1.65,1006.08
225,5352.0,0.0,7781.0,1.9,4.0,8501.0,14730.0,0.081,13536.87,0.765,10355.70555,1813.9405800000002,1367.2238700000003,2626.1527800000003,7052.70927,5414.7480000000005,43.9948275,3.3842175,40.0160394,0.9235696554081497,207.0,0.089,0.2343,44.1835911,1.6,751.44
226,3353.0,1.0,8191.0,0.8,4.9,8532.0,14743.0,0.086,13475.102,0.765,10308.45303,1792.1885660000003,1374.460404,2870.196726,6427.623654,5390.040800000001,45.95009782,3.7730285599999998,42.125968799999995,0.912840014107693,212.0,0.091,0.223,42.973884,1.65,1001.82
227,5200.0,0.0,9587.0,0.8,3.8,9715.0,14350.0,0.085,13130.25,0.78,10241.595000000001,1746.3232500000001,1142.3317499999998,2639.1802500000003,6630.77625,5120.797500000001,45.5619675,3.6764699999999997,43.6800096,0.9177266231988607,222.0,0.084,0.2187,44.4730824,1.6,1000.28
228,4947.0,1.0,11385.0,0.6,4.5,11429.0,14805.0,0.086,13531.77,0.665,8998.627050000001,1569.68532,2963.45763,2909.33055,6711.75792,5412.7080000000005,48.3084189,4.4654841,43.082465400000004,0.9037641351243872,234.0,0.089,0.2138,45.5766012,1.67,1004.98
229,4677.0,1.0,12104.0,0.7,4.1,12232.0,14882.0,0.084,13631.912,0.772,10523.836064000001,926.9700160000001,2181.10592,2849.069608,6693.268792,5452.764800000001,47.84801112,3.95325448,43.377843600000006,0.912004978262148,228.0,0.091,0.2143,44.4141036,1.65,505.44
230,6334.0,0.0,10777.0,1.0,4.0,10954.0,14766.0,0.072,13702.848,0.782,10715.627136000001,1356.581952,1630.638912,2959.815168,7070.669568,5481.1392000000005,46.17859776,3.97382592,43.2862704,0.9130654150849659,236.0,0.082,0.2057,44.5644936,1.67,782.58
231,5900.0,0.0,8358.0,0.9,4.5,8938.0,14575.0,0.084,13350.7,0.689,9198.6323,1829.0459000000003,2323.0218,2590.0358,7075.871000000001,5206.773,45.659394,4.2722240000000005,42.6885312,0.9032383074769578,219.0,0.084,0.2157,43.270282800000004,1.58,876.24
232,2909.0,0.0,9089.0,1.0,4.8,9416.0,13239.0,0.081,12166.641,0.701,8528.815341,1362.663792,2275.161867,2323.828431,6399.653166,4866.6564,42.09657786,4.01499153,38.533719000000005,0.9033437836217348,215.0,0.079,0.2046,40.51386900000001,1.61,1090.82
233,5842.0,0.0,9089.0,1.0,5.3,9518.0,13213.0,0.081,12142.747000000001,0.545,6617.797115000001,2331.4074240000004,3193.5424610000005,2234.265448,6544.940633000001,4857.098800000001,42.49961450000001,3.7642515700000003,35.7959976,0.895811066340715,186.0,0.084,0.2057,35.0463432,1.63,1055.76
234,3406.0,2.0,7667.0,1.0,4.1,8832.0,13382.0,0.08,12311.44,0.612,7534.60128,2289.9278400000003,2486.9108800000004,2585.4024,6217.2772,4924.576000000001,42.3513536,4.0627752,35.15356800000001,0.8911799501431703,184.0,0.085,0.2139,36.012204000000004,1.58,992.9
235,5237.0,0.0,6770.0,1.0,4.0,7178.0,14425.0,0.081,13256.575,0.607,8046.741025,2492.2361,2717.597875,2863.4202,6628.2875,5302.630000000001,44.542092000000004,4.5072355,36.17676,0.8850080402933115,215.0,0.088,0.1916,37.568928,1.65,989.56
236,6897.0,0.0,5981.0,0.8,4.5,6927.0,15135.0,0.088,13803.12,0.693,9565.56216,1711.58688,2525.97096,2608.7896800000003,7453.684800000001,5383.2168,47.7587952,4.5550296,42.699111,0.8946787248055268,229.0,0.09,0.2026,42.21981400000001,1.64,1261.4
237,2400.0,1.0,8384.0,0.7,3.9,9918.0,15308.0,0.082,14052.744,0.733,10300.661352000001,997.744824,2754.337824,2684.0741040000003,7447.954320000001,5621.097600000001,48.06038448,4.3563506400000005,43.326342,0.9047148231082278,229.0,0.086,0.2139,44.770553400000004,1.7,1250.8
238,14300.0,0.0,16228.0,1.1,4.3,16931.0,15233.0,0.08,14014.36,0.644,9025.24784,3573.6618000000003,1387.42164,2718.78584,7413.59644,5605.744000000001,49.330547200000005,4.4845952,46.250932000000006,0.9056021602228124,244.0,0.09,0.209,46.40636,1.6,1022.92
239,2705.0,0.0,7569.0,1.2,4.1,8460.0,14614.0,0.084,13386.424,0.632,8460.219968000001,3252.901032,1673.303,2382.783472,7322.373928000001,5220.705360000001,47.25407672000001,3.8820629600000003,43.338756599999996,0.9148497435713219,223.0,0.091,0.223,45.203661,1.75,1371.36
240,2939.0,0.0,12254.0,0.9,3.5,12736.0,15044.0,0.084,13780.304,0.653,8998.538512000001,2645.818368,2135.94712,2728.500192,7262.220208000001,5374.318560000001,47.67985184,3.8584851199999997,38.215721200000004,0.9064424979178394,199.0,0.089,0.2241,40.6268649,1.7,576.98
